Раздел,Вопрос,Ответ клиента,Цифра
Контекст,Чем занимается компания,,
Контекст,Роль собеседника,,
Контекст,Почему сейчас,,
Процесс,Шаги процесса,,
Процесс,Кто выполняет,,
Процесс,Где теряется / дублируется,,
Процесс,Что уже пробовали,,
Объём,Задач в месяц,,
Объём,Минут на одну задачу,,
Объём,Стоимость часа сотрудника,,
Объём,Часов в месяц (задачи × минуты / 60),,=D9*D10/60
Объём,Стоимость процесса в месяц,,=D12*D11
Ошибки,Ошибок в месяц,,
Ошибки,Цена одной ошибки,,
Ошибки,Потери на ошибках в месяц,,=D14*D15
Решение,Кто принимает решение,,
Решение,Кто подписывает бюджет,,
Решение,Срок,,
Решение,"Бюджет, порядок цифр",,
Системы,CRM / почта / таблицы / мессенджеры,,
Системы,Доступ по API,,
Результат,"По какой цифре поймут, что сработало",,
Итог,Цена проблемы в месяц,,=D13+D16
Итог,Следующий шаг и дата,,
