Критерий,0 баллов,1 балл,2 балла,Оценка
Боль,«Было бы неплохо»,"Мешает, но терпят",Теряют деньги или клиентов,
Объём,Меньше 20 задач в месяц,20–200,Больше 200,
Повторяемость,Каждый случай уникален,Есть типовые случаи,80% случаев по одному правилу,
Цифра проблемы,Не могут назвать,Оценка на глаз,Клиент подтвердил расчёт,
"Лицо, принимающее решение",Неизвестно,"Известно, не на звонке",На звонке,
Бюджет,Нет и не планируют,"«Найдём, если убедите»",Заложен,
Срок,Нет,«В этом году»,Есть дата,
Системы,"Нет доступа, всё вручную",Есть экспорт / частичный API,API и администратор,
Прошлые попытки,Не думали об этом,Пробовали сами,Платили за решение раньше,
Следующий шаг,«Напишите потом»,Попросили предложение,Назначена встреча,
ИТОГО,,,,=SUM(E2:E11)
Как читать,0–8: не тратьте время на предложение,9–14: предложите пилот на один процесс,15–20: полное предложение в течение суток,
