№,Категория,Хук,Моя версия,Где использовал,Результат
1,Ошибка,Ты делаешь [действие] неправильно — и вот почему.,,,
2,Ошибка,"Главная ошибка новичков в [тема], которую я вижу каждый день.",,,
3,Ошибка,"Я потерял [сумма / время], потому что не знал этого про [тема].",,,
4,Ошибка,Перестань [действие]. Серьёзно.,,,
5,Ошибка,"Три ошибки в [тема], из-за которых нет результата.",,,
6,Ошибка,Если ты всё ещё [действие] — у меня плохие новости.,,,
7,Ошибка,"Это убивает твой [результат], а ты даже не замечаешь.",,,
8,Ошибка,Я делал эту ошибку два года. Не повторяй.,,,
9,Ошибка,Почему твой [объект] не работает — причина одна.,,,
10,Ошибка,"Никогда не [действие], пока не сделаешь это.",,,
11,Ошибка,"Ошибка, которая стоит [аудитория] половины клиентов.",,,
12,Ошибка,Все советуют [совет]. Это плохой совет.,,,
13,Ошибка,Ты не ленивый. Ты просто [действие] не в том порядке.,,,
14,Ошибка,Самая дорогая ошибка в [тема] выглядит безобидно.,,,
15,Ошибка,Хватит винить алгоритмы. Проблема в первых трёх секундах.,,,
16,Ошибка,"Что я сделал бы иначе, если бы начинал [тема] сегодня.",,,
17,Ошибка,"Эта привычка тормозит тебя сильнее, чем отсутствие [ресурс].",,,
18,Ошибка,"Проверь, не делаешь ли ты это в своём [объект].",,,
19,Ошибка,"Одна строчка в [объект], которая отпугивает клиентов.",,,
20,Ошибка,Вот почему после [действие] ничего не меняется.,,,
21,Цифра и результат,"[Число] [результат] за [срок] — показываю, что именно я делал.",,,
22,Цифра и результат,Как я сократил [процесс] с [было] до [стало].,,,
23,Цифра и результат,Этот приём приносит мне [результат] каждый месяц.,,,
24,Цифра и результат,[Число] минут в день — и [результат] через месяц.,,,
25,Цифра и результат,Я протестировал [число] [объект]. Работают только три.,,,
26,Цифра и результат,"С [было] до [стало] за [срок]. Без [то, чего ждут].",,,
27,Цифра и результат,Одно изменение дало плюс [число]% к [метрика].,,,
28,Цифра и результат,Мы потратили [сумма] на [тема]. Вот что узнали.,,,
29,Цифра и результат,[Число] часов в неделю я больше не трачу на [задача].,,,
30,Цифра и результат,Что [число] подписчиков на самом деле дают в деньгах.,,,
31,Цифра и результат,Этот шаблон сэкономил мне [число] часов за месяц.,,,
32,Цифра и результат,"[Число] заявок с одного ролика. Разбираю, почему.",,,
33,Цифра и результат,Сколько на самом деле стоит [объект] — считаю по чекам.,,,
34,Цифра и результат,За [срок] я сделал [число] [объект]. Вот главный вывод.,,,
35,Цифра и результат,[Число] из 10 [аудитория] не знают про эту настройку.,,,
36,Цифра и результат,Результат через 30 дней: [цифра]. Процесс — в этом видео.,,,
37,Цифра и результат,Я заменил [число] инструментов одним.,,,
38,Цифра и результат,От нуля до [результат]: честная хронология.,,,
39,Цифра и результат,"[Число] правил, которые дали мне первые [результат].",,,
40,Цифра и результат,"Вот как выглядит [результат] изнутри, в цифрах.",,,
41,Вопрос,Знакомо: [ситуация]?,,,
42,Вопрос,"А ты знал, что [неожиданный факт]?",,,
43,Вопрос,"Почему у одних [результат], а у других нет?",,,
44,Вопрос,"Что будет, если [действие] каждый день 30 дней?",,,
45,Вопрос,Сколько времени ты тратишь на [задача]? Посчитай.,,,
46,Вопрос,"Ты точно знаешь, сколько стоит твой час?",,,
47,Вопрос,Что важнее: [вариант А] или [вариант Б]?,,,
48,Вопрос,"Угадай, какой из этих [объект] набрал миллион.",,,
49,Вопрос,"Зачем [действие], если можно так?",,,
50,Вопрос,"Как понять, что пора [действие]?",,,
51,Вопрос,Что бы ты выбрал: [вариант А] или [вариант Б]?,,,
52,Вопрос,Почему никто не говорит о [тема]?,,,
53,Вопрос,Ты тоже откладываешь [задача] на потом?,,,
54,Вопрос,"Как выглядит твой день, если убрать из него [задача]?",,,
55,Вопрос,Что общего у [объект 1] и [объект 2]?,,,
56,Вопрос,"Можно ли [результат] без [то, что считают обязательным]?",,,
57,Вопрос,Когда ты последний раз [действие]?,,,
58,Вопрос,"Что, если проблема не в [очевидная причина]?",,,
59,Вопрос,Кто на самом деле зарабатывает на [тема]?,,,
60,Вопрос,"Хочешь [результат], но не знаешь, с чего начать?",,,
61,Спорное мнение,Непопулярное мнение: [утверждение].,,,
62,Спорное мнение,[Популярный совет] — это миф. Объясняю.,,,
63,Спорное мнение,"Тебе не нужен [то, что все покупают], чтобы [результат].",,,
64,Спорное мнение,Я перестал [общепринятое действие]. Стало лучше.,,,
65,Спорное мнение,[Тема] переоценена. Вот что работает на самом деле.,,,
66,Спорное мнение,"Меня за это раскритикуют, но [утверждение].",,,
67,Спорное мнение,"Чем больше ты [действие], тем хуже результат.",,,
68,Спорное мнение,Дисциплина не поможет. Поможет [что].,,,
69,Спорное мнение,Курсы по [тема] тебе не нужны. Нужно вот что.,,,
70,Спорное мнение,Все гонятся за [метрика]. Она ничего не значит.,,,
71,Спорное мнение,Контент-план не работает. Работает система.,,,
72,Спорное мнение,"Не нужно быть экспертом, чтобы [действие].",,,
73,Спорное мнение,Перфекционизм — это не про качество.,,,
74,Спорное мнение,Я не верю в [популярная идея]. Вот почему.,,,
75,Спорное мнение,"Лучший [объект] — тот, который ты не купил.",,,
76,Спорное мнение,«Делай больше» — худший совет для [аудитория].,,,
77,Спорное мнение,[Инструмент] не сделает тебя продуктивнее.,,,
78,Спорное мнение,Мотивация тут ни при чём.,,,
79,Спорное мнение,Тебе врут про [тема]. Не со зла.,,,
80,Спорное мнение,"Правило, которое я нарушаю каждый день, — и вот результат.",,,
81,История,Год назад я [ситуация]. Сегодня [другая ситуация].,,,
82,История,В [время] мне написал клиент: «[фраза]».,,,
83,История,Я чуть не закрыл проект. Спасла одна мысль.,,,
84,История,"Меня уволили — и это лучшее, что случилось.",,,
85,История,"Этот разговор изменил то, как я [действие].",,,
86,История,"Я отказался от [сумма / предложение]. Рассказываю, почему.",,,
87,История,"Три месяца я делал [действие] и не понимал, что не так.",,,
88,История,Первый клиент заплатил мне [сумма]. Вот как я его нашёл.,,,
89,История,Самый неловкий провал за всю мою работу.,,,
90,История,Я сделал это случайно — и оно выстрелило.,,,
91,История,Мне сказали: «У тебя не получится». Вот что было дальше.,,,
92,История,"Вчера произошло то, чего я боялся весь год.",,,
93,История,Клиент попросил вернуть деньги. Я согласился. И вот почему.,,,
94,История,Я начал с [малое]. Без бюджета и команды.,,,
95,История,Мой худший запуск научил меня одной вещи.,,,
96,История,Как один комментарий привёл мне [результат].,,,
97,История,Мы потеряли крупнейшего клиента. Это нас спасло.,,,
98,История,Я попробовал жить без [привычка] неделю.,,,
99,История,"В тот день я понял, что делаю всё не так.",,,
100,История,"История о том, как [объект] за [сумма] окупился за день.",,,
101,Список,"[Число] инструментов, без которых я не работаю.",,,
102,Список,"[Число] признаков, что пора [действие].",,,
103,Список,"[Число] вещей, которые я хотел бы знать в начале.",,,
104,Список,Топ-[число] ошибок в [тема].,,,
105,Список,"[Число] промптов, которые экономят час в день.",,,
106,Список,"[Число] бесплатных [объект], о которых мало кто знает.",,,
107,Список,"[Число] привычек людей, у которых всё успевается.",,,
108,Список,"[Число] вопросов, которые стоит задать до [действие].",,,
109,Список,[Число] идей для контента на неделю — забирай.,,,
110,Список,"[Число] фраз, которые продают лучше скидки.",,,
111,Список,[Число] способов [результат] без бюджета.,,,
112,Список,"[Число] настроек, которые стоит изменить прямо сейчас.",,,
113,Список,[Число] шагов от идеи до первого клиента.,,,
114,Список,"[Число] причин, почему твой [объект] не смотрят.",,,
115,Список,"[Число] правил, по которым я веду [проект].",,,
116,Список,"[Число] задач, которые я отдал AI.",,,
117,Список,"[Число] книг, которые заменили мне [что].",,,
118,Список,"[Число] сигналов, что клиент готов купить.",,,
119,Список,"[Число] шаблонов, которые я использую каждую неделю.",,,
120,Список,[Число] уроков за [срок] в [тема].,,,
121,Как сделать,Как [результат] за [срок] — по шагам.,,,
122,Как сделать,Вот как я [действие] за 10 минут.,,,
123,Как сделать,"Покажу, как [результат], даже если ты никогда не [действие].",,,
124,Как сделать,Самый простой способ [результат].,,,
125,Как сделать,"Как [действие] без [то, что мешает].",,,
126,Как сделать,"Делай так, и [результат] перестанет быть проблемой.",,,
127,Как сделать,"Один приём, чтобы [результат] с первого раза.",,,
128,Как сделать,Как я планирую неделю за 15 минут.,,,
129,Как сделать,"Вот шаблон, по которому я [действие].",,,
130,Как сделать,Как собрать [объект] с нуля — сохраняй.,,,
131,Как сделать,Пошагово: от [начало] до [результат].,,,
132,Как сделать,"Как отвечать, когда клиент говорит «дорого».",,,
133,Как сделать,Настрой это один раз — и забудь про [задача].,,,
134,Как сделать,Как превратить одно видео в [число] единиц контента.,,,
135,Как сделать,"Способ [действие], которому не учат на курсах.",,,
136,Как сделать,"Как понять за минуту, сработает ли [объект].",,,
137,Как сделать,"Что написать в первой строке, чтобы дочитали.",,,
138,Как сделать,Как я готовлюсь к [событие]: чеклист.,,,
139,Как сделать,"Как [действие], когда нет времени.",,,
140,Как сделать,"Покажу на экране, как это делается.",,,
141,Мало кто знает,"Функция в [инструмент], о которой мало кто знает.",,,
142,Мало кто знает,"Это есть в твоём телефоне, но ты этим не пользуешься.",,,
143,Мало кто знает,"То, о чём молчат в [индустрия].",,,
144,Мало кто знает,Я узнал это только на третий год работы.,,,
145,Мало кто знает,"Скрытая настройка, которая меняет [результат].",,,
146,Мало кто знает,Вот что делают профессионалы и не рассказывают.,,,
147,Мало кто знает,Об этом приёме я узнал случайно.,,,
148,Мало кто знает,Почему у [эксперты] всегда получается: дело в этом.,,,
149,Мало кто знает,"Маленькая деталь, которую замечают только опытные.",,,
150,Мало кто знает,В [инструмент] можно вот так — и это бесплатно.,,,
151,Мало кто знает,"Этому не учат, а зря.",,,
152,Мало кто знает,"Вот что на самом деле происходит, когда ты [действие].",,,
153,Мало кто знает,"Способ, которым пользуются [число]% топов в [ниша].",,,
154,Мало кто знает,"Неочевидная причина, почему [результат].",,,
155,Мало кто знает,"Это изменит то, как ты пользуешься [инструмент].",,,
156,Мало кто знает,"Простой приём, до которого я додумался слишком поздно.",,,
157,Мало кто знает,Что стоит за [популярное явление].,,,
158,Мало кто знает,Вот как это устроено изнутри.,,,
159,Мало кто знает,"Правило из [другая область], которое работает в [тема].",,,
160,Мало кто знает,"Сохрани, пока не забыл: [приём].",,,
161,До и после,Вот так было. А вот так стало.,,,
162,До и после,До: [проблема]. После: [результат]. Разница — в одном шаге.,,,
163,До и после,"Смотри, что получилось из этого [объект].",,,
164,До и после,Переделываю [объект] подписчика — до и после.,,,
165,До и после,Раньше я [действие] часами. Теперь — так.,,,
166,До и после,Так выглядел мой [объект] год назад.,,,
167,До и после,Одна правка — и [объект] выглядит иначе.,,,
168,До и после,"Было [число], стало [число]. Что изменилось.",,,
169,До и после,"Превращаю скучный [объект] в тот, что смотрят.",,,
170,До и после,Мой рабочий день до автоматизации и после.,,,
171,До и после,Первая версия против финальной.,,,
172,До и после,"Что было бы, если бы я не [действие].",,,
173,До и после,"Так пишут новички. А так — те, у кого покупают.",,,
174,До и после,"Тот же текст, две подачи. Какая лучше?",,,
175,До и после,Месяц назад и сегодня: [метрика].,,,
176,До и после,Как выглядел этот проект на старте.,,,
177,До и после,Разбор: почему первый вариант не сработал.,,,
178,До и после,Убираю три слова — и смысл меняется.,,,
179,До и после,Что изменилось после [число] дней [практика].,,,
180,До и после,Было сложно. Сделал проще. Показываю.,,,
181,Предупреждение,"Не [действие], пока не посмотришь это.",,,
182,Предупреждение,"Проверь это до того, как [действие].",,,
183,Предупреждение,Осторожно: так теряют [что].,,,
184,Предупреждение,Если ты пользуешься [инструмент] — обрати внимание.,,,
185,Предупреждение,Скоро это изменится. Вот к чему готовиться.,,,
186,Предупреждение,"Вот что будет, если проигнорировать [проблема].",,,
187,Предупреждение,"Прежде чем платить за [объект], узнай это.",,,
188,Предупреждение,Так обманывают [аудитория]. Как распознать.,,,
189,Предупреждение,Пока не поздно: [действие].,,,
190,Предупреждение,"Три признака, что [объект] тебе не подходит.",,,
191,Предупреждение,"Не подписывай договор, не прочитав этот пункт.",,,
192,Предупреждение,Этот тренд закончится — и что тогда.,,,
193,Предупреждение,Что нельзя доверять AI ни при каких условиях.,,,
194,Предупреждение,Перед запуском проверь эти пять вещей.,,,
195,Предупреждение,Я должен был узнать это раньше.,,,
196,Предупреждение,Через год так уже не получится.,,,
197,Предупреждение,Это выглядит как возможность. Это ловушка.,,,
198,Предупреждение,Почему дешёвый [объект] обходится дороже.,,,
199,Предупреждение,Не повторяй за мной вот это.,,,
200,Предупреждение,Если видишь [признак] — остановись.,,,
201,Сравнение,[Вариант А] или [вариант Б]: что выбрать в [год].,,,
202,Сравнение,Я попробовал оба. Вот честный итог.,,,
203,Сравнение,[Инструмент 1] против [инструмент 2] на одной задаче.,,,
204,Сравнение,Дешёвый против дорогого: есть ли разница.,,,
205,Сравнение,Что быстрее: вручную или с AI. Засекаю.,,,
206,Сравнение,Новичок и профи делают одно и то же — найди отличие.,,,
207,Сравнение,Ожидание и реальность в [тема].,,,
208,Сравнение,Что я думал о [тема] раньше и что думаю сейчас.,,,
209,Сравнение,Бесплатная версия против платной: чего не хватает.,,,
210,Сравнение,Один и тот же промпт в трёх моделях.,,,
211,Сравнение,Как это делают в [страна / ниша] и как у нас.,,,
212,Сравнение,Старый способ и новый: считаем время.,,,
213,Сравнение,Что выгоднее: нанять или автоматизировать.,,,
214,Сравнение,[Формат 1] или [формат 2]: смотрим на цифры.,,,
215,Сравнение,"Сравнил [число] [объект], чтобы тебе не пришлось.",,,
216,Сравнение,"Плохой, хороший и отличный [объект]: в чём разница.",,,
217,Сравнение,"Что работает в [год], а что уже нет.",,,
218,Сравнение,"Мой подход против того, что советуют все.",,,
219,Сравнение,Тест: какой заголовок соберёт больше.,,,
220,Сравнение,Малый бюджет и большой: одинаковая задача.,,,
221,Обращение,Если ты [роль] — это видео для тебя.,,,
222,Обращение,"Для тех, кто только начинает в [тема].",,,
223,Обращение,"Если у тебя меньше [число] подписчиков, делай так.",,,
224,Обращение,"Тем, кто устал от [проблема].",,,
225,Обращение,"Это для тех, кто работает один.",,,
226,Обращение,Если ты откладываешь [задача] уже месяц — смотри.,,,
227,Обращение,Владельцам малого бизнеса: одна вещь на сегодня.,,,
228,Обращение,"Если тебе кажется, что ты отстал, — нет.",,,
229,Обращение,"Фрилансерам, которые берут слишком дёшево.",,,
230,Обращение,"Тем, кто боится камеры.",,,
231,Обращение,Если ты не технарь — не листай.,,,
232,Обращение,"Для тех, у кого нет времени на контент.",,,
233,Обращение,Если клиенты пишут тебе в выходные.,,,
234,Обращение,"Экспертам, которые не умеют себя продавать.",,,
235,Обращение,Если ты делаешь всё сам — тебе сюда.,,,
236,Обращение,"Тем, кто хочет [результат], но не знает, с чего начать.",,,
237,Обращение,Если ты пробовал AI и разочаровался.,,,
238,Обращение,"Родителям, которые работают из дома.",,,
239,Обращение,"Если ты ведёшь блог ради клиентов, а не ради лайков.",,,
240,Обращение,"Для тех, кто досмотрит до конца: [обещание].",,,
