№,Ниша,Название (до 60 знаков),Хук,Концовка,Тема (заполните),Дата,Статус
1,Эксперт и консультант,"Вопрос, который мне задают чаще всего",Этот вопрос мне задают каждую неделю.,«А второй по частоте вопрос — в следующем ролике».,,,
2,Эксперт и консультант,Одна ошибка клиентов,Девять из десяти клиентов приходят ко мне с одной и той же ошибкой.,"Вернуться к первой фразе: «Проверь, не десятый ли ты».",,,
3,Эксперт и консультант,Совет за 20 секунд,"Совет, за который клиенты платят [сумма]. Бесплатно.",«Сохрани — пригодится в понедельник».,,,
4,Эксперт и консультант,Разбор случая,Клиент пришёл с [проблема]. Вот что мы сделали.,"«Хочешь так же — в закреплённом комментарии, с чего начать».",,,
5,Эксперт и консультант,Чего я не делаю,"Три вещи, которые я никогда не посоветую клиенту.",«А что бы добавил ты?»,,,
6,Онлайн-школа и курсы,Урок за 30 секунд,Самый полезный урок курса — за 30 секунд.,«Сделал? Напиши результат».,,,
7,Онлайн-школа и курсы,Результат ученика,[Имя] пришёл с нуля. Через [срок] — вот что.,«Следующим можешь быть ты» — и к началу ролика.,,,
8,Онлайн-школа и курсы,Почему не получается учиться,Ты не бросаешь курсы из-за лени.,«Попробуй на этой неделе».,,,
9,Онлайн-школа и курсы,Что внутри программы,"Показываю, что внутри курса, — без монтажа.",«Ссылка на программу — в описании».,,,
10,Онлайн-школа и курсы,Вопрос перед покупкой,Подойдёт ли тебе этот курс? Проверь за 20 секунд.,"«Честно — лучше не покупать, чем купить не то».",,,
11,Локальный бизнес,Как выбрать,Как выбрать [услуга] и не пожалеть.,"«Сохрани перед тем, как записываться».",,,
12,Локальный бизнес,Процесс изнутри,"Что происходит, пока ты ждёшь в зале.","Закончить кадром, с которого начали.",,,
13,Локальный бизнес,Сколько стоит и почему,Почему [услуга] стоит [сумма]. Раскладываю по частям.,"«Теперь знаешь, за что платишь».",,,
14,Локальный бизнес,Частый вопрос,«А это больно / долго / дорого?» Отвечаю.,"«Остались вопросы — пиши, отвечу лично».",,,
15,Локальный бизнес,До и после,Клиент пришёл вот так. Ушёл вот так.,Вернуть кадр «до» на секунду — ролик зацикливается.,,,
16,Интернет-магазин,Товар в деле,Проверяю [товар] на прочность.,«Что проверить следующим?»,,,
17,Интернет-магазин,Как мы упаковываем,Собираю заказ для [имя / город].,«Следующий заказ может быть твоим».,,,
18,Интернет-магазин,Три способа использовать,"Три способа использовать [товар], о которых ты не думал.",«Какой попробуешь?»,,,
19,Интернет-магазин,Ответ на отзыв,Нам написали: «[отзыв]». Отвечаю.,«Пиши честно — мы читаем всё».,,,
20,Интернет-магазин,Как выбрать размер / модель,"Не знаешь, какой [товар] выбрать? За 20 секунд.","«Сохрани, чтобы не искать потом».",,,
21,Фриланс и агентство,Как я нашёл клиента,Этот клиент пришёл с одного сообщения.,«Сохрани шаблон».,,,
22,Фриланс и агентство,Сколько я беру,Сколько я беру за [услуга] и почему не меньше.,«А сколько берёшь ты?»,,,
23,Фриланс и агентство,Красный флаг,Если клиент говорит эту фразу — будь осторожен.,«Слышал такое? Пиши».,,,
24,Фриланс и агентство,Проект за 30 секунд,Проект от брифа до результата — за 30 секунд.,Зациклить: последний кадр — бриф следующего проекта.,,,
25,Фриланс и агентство,Инструмент недели,"Инструмент, который сэкономил мне [число] часов на этой неделе.",«Каждую неделю — новый. Подпишись».,,,
26,AI и автоматизация,Промпт дня,"Промпт, который я использую каждый день.",«Сохрани и попробуй на своей задаче».,,,
27,AI и автоматизация,Автоматизация за минуту,Эту задачу я больше не делаю руками.,«Какую задачу автоматизировать следующей?»,,,
28,AI и автоматизация,AI ошибся,AI уверенно ответил неправильно. Смотри.,«Всегда проверяй — и вот как».,,,
29,AI и автоматизация,Что нового,Вышло обновление [инструмент]. Что изменилось — коротко.,«Разборы без воды — подпишись».,,,
30,AI и автоматизация,Человек против AI,Одна задача: я и AI. Кто быстрее?,«Какую задачу сравнить?»,,,
31,Продуктивность и работа,Одно правило,"Одно правило, которое вернуло мне час в день.",«Попробуй три дня».,,,
32,Продуктивность и работа,Как я планирую,Планирую неделю за 10 минут. Смотри.,«Шаблон — в закреплённом комментарии».,,,
33,Продуктивность и работа,От чего я отказался,Я перестал делать это по утрам.,«А что убрал бы ты?»,,,
34,Продуктивность и работа,Задача на пять минут,Сделай это за пять минут — и день пойдёт иначе.,«Сделал? Напиши „готово“».,,,
35,Продуктивность и работа,"Инструмент, который остался",Перепробовал [число] приложений. Остался с одним.,«Чем пользуешься ты?»,,,
36,Блог о деле и хобби,Процесс,Делаю [объект] с нуля — за 30 секунд.,Зациклить: последний кадр совпадает с первым.,,,
37,Блог о деле и хобби,Ошибка новичка,Эту ошибку делают все новички в [хобби].,"«Сохрани, чтобы не повторить».",,,
38,Блог о деле и хобби,Сколько стоит начать,Сколько стоит начать заниматься [хобби].,«С чего начинал ты?»,,,
39,Блог о деле и хобби,Ожидание и реальность,Как я представлял себе [хобби] и как оказалось.,«Узнал себя?»,,,
40,Блог о деле и хобби,Прогресс,День 1 и день [число]. Смотри разницу.,Вернуть на секунду первую работу — зритель пересмотрит.,,,
