Параметр,Значение,Комментарий
"Потенциал экономии в месяц, €",1475,"Из карты процессов, колонка O"
"Выгода клиента в год, €",=B2*12,
Часов на проект,45,"Сборка, тест, общение"
"Ваша ставка, €",50,
"Себестоимость с запасом 30%, €",=B4*B5*13/10,
"Цена от ценности: 10% годовой выгоды, €",=B3/10,Нижняя граница
"Цена от ценности: 30% годовой выгоды, €",=B3*3/10,Верхняя граница
,,
"Пакет «Старт», €",1500,Введите вручную
"Пакет «Основной», €",3500,
"Пакет «Полный», €",8000,
"Окупаемость «Основного», месяцев",=B11/B2,
"Ваша фактическая ставка на «Основном», €/час",=B11/B4,
,,
"Поддержка в месяц, €",400,
Часов поддержки в месяц,5,
"Доход с клиента за первый год, €",=B11+B16*11,Проект + 11 месяцев поддержки
Часов на клиента за год,=B4+B17*11,
"Средняя ставка за год, €/час",=B18/B19,
,,
"Цель по доходу в месяц, €",6000,
Клиентов на поддержке,6,
"Доход от поддержки, €",=B16*B23,
Нужно новых проектов в месяц,=(B22-B24)/B11,Округлите вверх
