Пакет,Длинных видео в месяц,Коротких видео,Постов,Писем,Статей,Раундов правок,"Срок, раб. дней",Часов на комплект,Комплектов в месяц,Часов в месяц,"Цена в месяц, €","Доход за час, €"
Лайт,2,3,2,1,0,1,5,3,=B2,=I2*J2,450,=L2/K2
Стандарт,4,5,3,1,1,1,5,5,=B3,=I3*J3,1200,=L3/K3
Про,4,8,5,2,1,2,4,8,=B4,=I4*J4,1900,=L4/K4
,,,,,,,,,,,,
Дополнительно,"Цена, €",,,,,,,,,,,
Дополнительное короткое видео,40,,,,,,,,,,,
Дополнительный раунд правок,60,,,,,,,,,,,
Срочно за 48 часов,+30%,,,,,,,,,,,
"Публикация за клиента, в месяц",150,,,,,,,,,,,
Пробный комплект,250,Засчитывается в первый месяц,,,,,,,,,,
,,,,,,,,,,,,
"Цены — ориентир. Поставьте свои часы на комплект: колонка «Доход за час» покажет, выгоден ли пакет.",,,,,,,,,,,,
