№,Структура,Сценарий,Хук,Призыв,Тема (заполните),Дата съёмки,Статус
1,Ошибка → причина → как правильно,Ошибка в первом сообщении клиенту,Ты теряешь клиентов первым же сообщением.,Сохрани и проверь свои автоответы.,,,
2,Ошибка → причина → как правильно,Ошибка в шапке профиля,Твоя шапка профиля ничего не продаёт.,Напиши «шапка» — разберу твою.,,,
3,Ошибка → причина → как правильно,Ошибка в ценах,Ты называешь цену слишком рано.,Сохрани фразу.,,,
4,Ошибка → причина → как правильно,Ошибка в работе с AI,Ты пишешь нейросети как в поисковик.,Напиши «промпт» — пришлю шаблон.,,,
5,Список из трёх,Три инструмента,"Три инструмента, без которых я не работаю.",Какой добавил бы ты? Пиши в комментариях.,,,
6,Список из трёх,Три вопроса перед покупкой,"Три вопроса, которые стоит задать до того, как платить за [услуга].",Сохрани перед следующей покупкой.,,,
7,Список из трёх,Три задачи для AI,"Три задачи, которые я полностью отдал AI.",А что отдал ты?,,,
8,Список из трёх,Три признака,"Три признака, что тебе пора поднять цены.","Узнал себя? Напиши, какой твой.",,,
9,До и после,Переделка текста,"Переписываю пост так, чтобы его дочитали.",Хочешь разбор своего текста? Напиши «разбор».,,,
10,До и после,Рабочий день,Мой день до автоматизации и после.,"Расскажу, с чего начать, — подпишись.",,,
11,До и после,Оффер,"Тот же продукт, два оффера. Какой купишь?",Сохрани формулу.,,,
12,До и после,Обложка,Одна правка — и обложку начинают открывать.,Проверь свои последние три обложки.,,,
13,Мини-история,Первый клиент,"Мой первый клиент заплатил мне [сумма], и я чуть не отказался.",А как ты нашёл первого клиента?,,,
14,Мини-история,Провал,"Этот запуск провалился, и я рад.",Расскажи про свой провал в комментариях.,,,
15,Мини-история,Отказ,Я отказал клиенту с большим бюджетом.,Сохрани фразу для отказа.,,,
16,Мини-история,Случайность,Я сделал это случайно — и оно сработало.,"Попробуй и напиши, что вышло.",,,
17,Инструкция за 30 секунд,Автоответ,Настрой это один раз — и клиенты перестанут ждать ответа.,"Сохрани, чтобы настроить вечером.",,,
18,Инструкция за 30 секунд,Контент на неделю,Как спланировать контент на неделю за 15 минут.,Напиши «план» — пришлю таблицу.,,,
19,Инструкция за 30 секунд,Промпт,"Промпт, который пишет ответы клиентам в твоём стиле.",Сохрани промпт с экрана.,,,
20,Инструкция за 30 секунд,Разбор конкурента,"Как за пять минут понять, что работает у конкурента.",Попробуй сегодня.,,,
21,Миф и правда,Миф о подписчиках,"«Сначала набери аудиторию, потом продавай» — это миф.",Согласен? Спорь в комментариях.,,,
22,Миф и правда,Миф об AI,«AI заменит [профессия]» — не совсем так.,Подпишись — показываю на практике.,,,
23,Миф и правда,Миф о ежедневных постах,Публиковать каждый день не обязательно.,Какой у тебя ритм?,,,
24,Миф и правда,Миф о дорогой технике,Тебе не нужна камера за [сумма].,Сохрани список.,,,
25,Разбор,Разбор ролика,Почему этот ролик набрал [число] просмотров.,Разобрать твой ролик? Отметь меня.,,,
26,Разбор,Разбор сайта,Захожу на сайт подписчика — что вижу за пять секунд.,Хочешь разбор — оставь ссылку.,,,
27,Разбор,Разбор письма,Это письмо открыли 60% получателей. Вот почему.,Сохрани структуру.,,,
28,Разбор,Разбор своей ошибки,"Разбираю свой ролик, который никто не посмотрел.",Пересниму и покажу результат — подпишись.,,,
29,Вопрос — ответ,Сколько стоит,«Сколько стоит [услуга]?» — отвечаю честно.,Задай свой вопрос в комментариях.,,,
30,Вопрос — ответ,С чего начать,"«С чего начать в [тема], если я ноль?»",Сделал? Напиши «готово».,,,
31,Вопрос — ответ,Сколько времени,"«Сколько времени нужно, чтобы [результат]?»",Сколько заняло у тебя?,,,
32,Вопрос — ответ,А если не получится,«А если я попробую и не получится?»,"Отправь тому, кто боится начать.",,,
33,Закулисье,Как я готовлю ролик,"Показываю, сколько работы стоит за одним роликом.",Какой этап самый сложный у тебя?,,,
34,Закулисье,Утро,Первые 30 минут рабочего дня: что я делаю.,А как начинаешь ты?,,,
35,Закулисье,Проект изнутри,"Собираю проект для клиента — смотри, как это выглядит.",Подпишись — покажу финал.,,,
36,Закулисье,Рабочее место,Что у меня на столе и что из этого реально нужно.,Покажи своё — отметь меня.,,,
37,Сравнение,Вручную или с AI,Одна задача: вручную и с AI. Засекаю время.,Какую задачу сравнить следующей?,,,
38,Сравнение,Два инструмента,[Инструмент 1] или [инструмент 2]: что выбрать новичку.,Чем пользуешься ты?,,,
39,Сравнение,Дёшево и дорого,Сделал одно и то же за [малая сумма] и за [большая сумма].,"Угадал, где какой?",,,
40,Сравнение,Тогда и сейчас,Как я делал [задача] год назад и как делаю сейчас.,"Сохрани, если только начинаешь.",,,
