День,Неделя,День недели,Квартал,Тема недели,Рубрика,Идея,Формат,Мой заголовок,Дата,Статус
1,1,Пн,I. Основа: кто вы и для кого,Знакомство: кто вы и чем полезны,Инструкция,"Как понять за минуту, подходит ли вам моя работа",Карусель или короткое видео,,,
2,1,Вт,I. Основа: кто вы и для кого,Знакомство: кто вы и чем полезны,Ошибка или миф,"Миф о моей профессии, в который верят почти все",Короткое видео,,,
3,1,Ср,I. Основа: кто вы и для кого,Знакомство: кто вы и чем полезны,История или кейс,Как я пришёл в это дело: короткая версия,Пост с фото,,,
4,1,Чт,I. Основа: кто вы и для кого,Знакомство: кто вы и чем полезны,Закулисье или разбор,Мой обычный рабочий день по часам,Stories или короткое видео,,,
5,1,Пт,I. Основа: кто вы и для кого,Знакомство: кто вы и чем полезны,Вопрос или мнение,Что вам хочется узнать обо мне и моей работе?,Пост или опрос в Stories,,,
6,1,Сб,I. Основа: кто вы и для кого,Знакомство: кто вы и чем полезны,Личное,"Три факта обо мне, не связанные с работой",Фото или Stories,,,
7,1,Вс,I. Основа: кто вы и для кого,Знакомство: кто вы и чем полезны,Подборка или приглашение,С чего начать знакомство с блогом: пять постов,Карусель,,,
8,2,Пн,I. Основа: кто вы и для кого,Ваш клиент: для кого вы работаете,Инструкция,"Как понять, что вам пора обратиться к специалисту",Карусель или короткое видео,,,
9,2,Вт,I. Основа: кто вы и для кого,Ваш клиент: для кого вы работаете,Ошибка или миф,"Ошибка: ждать, пока проблема решится сама",Короткое видео,,,
10,2,Ср,I. Основа: кто вы и для кого,Ваш клиент: для кого вы работаете,История или кейс,"Клиент, который пришёл слишком поздно, — и что вышло",Пост с фото,,,
11,2,Чт,I. Основа: кто вы и для кого,Ваш клиент: для кого вы работаете,Закулисье или разбор,Разбираю типичный запрос клиента по шагам,Stories или короткое видео,,,
12,2,Пт,I. Основа: кто вы и для кого,Ваш клиент: для кого вы работаете,Вопрос или мнение,С какой задачей вы бы пришли ко мне сегодня?,Пост или опрос в Stories,,,
13,2,Сб,I. Основа: кто вы и для кого,Ваш клиент: для кого вы работаете,Личное,"Клиенты, с которыми мне особенно нравится работать",Фото или Stories,,,
14,2,Вс,I. Основа: кто вы и для кого,Ваш клиент: для кого вы работаете,Подборка или приглашение,Кому я точно не подойду — честный список,Карусель,,,
15,3,Пн,I. Основа: кто вы и для кого,Главная проблема аудитории,Инструкция,"Три шага, чтобы облегчить проблему уже сегодня",Карусель или короткое видео,,,
16,3,Вт,I. Основа: кто вы и для кого,Главная проблема аудитории,Ошибка или миф,Почему популярное решение этой проблемы не работает,Короткое видео,,,
17,3,Ср,I. Основа: кто вы и для кого,Главная проблема аудитории,История или кейс,Как я сам столкнулся с этой проблемой,Пост с фото,,,
18,3,Чт,I. Основа: кто вы и для кого,Главная проблема аудитории,Закулисье или разбор,Что на самом деле стоит за этой проблемой: разбор,Stories или короткое видео,,,
19,3,Пт,I. Основа: кто вы и для кого,Главная проблема аудитории,Вопрос или мнение,Что вы уже пробовали и что не помогло?,Пост или опрос в Stories,,,
20,3,Сб,I. Основа: кто вы и для кого,Главная проблема аудитории,Личное,"День, когда я понял, что проблема решаема",Фото или Stories,,,
21,3,Вс,I. Основа: кто вы и для кого,Главная проблема аудитории,Подборка или приглашение,"Пять признаков, что проблема есть и у вас",Карусель,,,
22,4,Пн,I. Основа: кто вы и для кого,Ваш подход и метод,Инструкция,Мой метод в трёх шагах — схема,Карусель или короткое видео,,,
23,4,Вт,I. Основа: кто вы и для кого,Ваш подход и метод,Ошибка или миф,"Ошибка: начинать с инструмента, а не с задачи",Короткое видео,,,
24,4,Ср,I. Основа: кто вы и для кого,Ваш подход и метод,История или кейс,Как метод сработал на первом клиенте,Пост с фото,,,
25,4,Чт,I. Основа: кто вы и для кого,Ваш подход и метод,Закулисье или разбор,Показываю метод на живом примере,Stories или короткое видео,,,
26,4,Пт,I. Основа: кто вы и для кого,Ваш подход и метод,Вопрос или мнение,С каким из моих принципов вы не согласны?,Пост или опрос в Stories,,,
27,4,Сб,I. Основа: кто вы и для кого,Ваш подход и метод,Личное,Откуда взялся мой подход: кто меня учил,Фото или Stories,,,
28,4,Вс,I. Основа: кто вы и для кого,Ваш подход и метод,Подборка или приглашение,"Четыре принципа, по которым я работаю",Карусель,,,
29,5,Пн,I. Основа: кто вы и для кого,Продукт или услуга,Инструкция,Как выбрать формат работы со мной: развилка,Карусель или короткое видео,,,
30,5,Вт,I. Основа: кто вы и для кого,Продукт или услуга,Ошибка или миф,Миф: «это дорого» — считаем вместе,Короткое видео,,,
31,5,Ср,I. Основа: кто вы и для кого,Продукт или услуга,История или кейс,История клиента до и после,Пост с фото,,,
32,5,Чт,I. Основа: кто вы и для кого,Продукт или услуга,Закулисье или разбор,Что происходит после оплаты: шаг за шагом,Stories или короткое видео,,,
33,5,Пт,I. Основа: кто вы и для кого,Продукт или услуга,Вопрос или мнение,Что бы вы добавили в мой продукт?,Пост или опрос в Stories,,,
34,5,Сб,I. Основа: кто вы и для кого,Продукт или услуга,Личное,Почему я вообще сделал этот продукт,Фото или Stories,,,
35,5,Вс,I. Основа: кто вы и для кого,Продукт или услуга,Подборка или приглашение,Что входит и что не входит — без мелкого шрифта,Карусель,,,
36,6,Пн,I. Основа: кто вы и для кого,Первые шаги новичка,Инструкция,"С чего начать в теме, если вы ноль",Карусель или короткое видео,,,
37,6,Вт,I. Основа: кто вы и для кого,Первые шаги новичка,Ошибка или миф,"Ошибка новичка, которая стоит полгода",Короткое видео,,,
38,6,Ср,I. Основа: кто вы и для кого,Первые шаги новичка,История или кейс,Мой собственный неуклюжий старт,Пост с фото,,,
39,6,Чт,I. Основа: кто вы и для кого,Первые шаги новичка,Закулисье или разбор,Разбираю первую работу новичка,Stories или короткое видео,,,
40,6,Пт,I. Основа: кто вы и для кого,Первые шаги новичка,Вопрос или мнение,Что вас останавливает от первого шага?,Пост или опрос в Stories,,,
41,6,Сб,I. Основа: кто вы и для кого,Первые шаги новичка,Личное,Что я посоветовал бы себе в начале,Фото или Stories,,,
42,6,Вс,I. Основа: кто вы и для кого,Первые шаги новичка,Подборка или приглашение,Набор новичка: что нужно и что не нужно,Карусель,,,
43,7,Пн,I. Основа: кто вы и для кого,Инструменты,Инструкция,Как настроить главный инструмент за десять минут,Карусель или короткое видео,,,
44,7,Вт,I. Основа: кто вы и для кого,Инструменты,Ошибка или миф,"Миф: чем дороже инструмент, тем лучше результат",Короткое видео,,,
45,7,Ср,I. Основа: кто вы и для кого,Инструменты,История или кейс,"Инструмент, который изменил мою работу",Пост с фото,,,
46,7,Чт,I. Основа: кто вы и для кого,Инструменты,Закулисье или разбор,Что у меня установлено: показываю экран,Stories или короткое видео,,,
47,7,Пт,I. Основа: кто вы и для кого,Инструменты,Вопрос или мнение,Каким инструментом пользуетесь вы?,Пост или опрос в Stories,,,
48,7,Сб,I. Основа: кто вы и для кого,Инструменты,Личное,"Покупка, о которой я жалею",Фото или Stories,,,
49,7,Вс,I. Основа: кто вы и для кого,Инструменты,Подборка или приглашение,Пять бесплатных инструментов для старта,Карусель,,,
50,8,Пн,I. Основа: кто вы и для кого,Частые вопросы,Инструкция,"Отвечаю на вопрос, который задают чаще всего",Карусель или короткое видео,,,
51,8,Вт,I. Основа: кто вы и для кого,Частые вопросы,Ошибка или миф,"Миф, который прячется за частым вопросом",Короткое видео,,,
52,8,Ср,I. Основа: кто вы и для кого,Частые вопросы,История или кейс,"Вопрос клиента, который поставил меня в тупик",Пост с фото,,,
53,8,Чт,I. Основа: кто вы и для кого,Частые вопросы,Закулисье или разбор,Разбираю три вопроса из комментариев,Stories или короткое видео,,,
54,8,Пт,I. Основа: кто вы и для кого,Частые вопросы,Вопрос или мнение,Какой вопрос вы стесняетесь задать?,Пост или опрос в Stories,,,
55,8,Сб,I. Основа: кто вы и для кого,Частые вопросы,Личное,"Вопрос, который я сам себе задаю каждый год",Фото или Stories,,,
56,8,Вс,I. Основа: кто вы и для кого,Частые вопросы,Подборка или приглашение,Десять коротких ответов на десять вопросов,Карусель,,,
57,9,Пн,I. Основа: кто вы и для кого,Ценности и принципы,Инструкция,Как я принимаю решения в работе: три правила,Карусель или короткое видео,,,
58,9,Вт,I. Основа: кто вы и для кого,Ценности и принципы,Ошибка или миф,"Ошибка: обещать больше, чем можешь сделать",Короткое видео,,,
59,9,Ср,I. Основа: кто вы и для кого,Ценности и принципы,История или кейс,Когда я отказался от денег из-за принципа,Пост с фото,,,
60,9,Чт,I. Основа: кто вы и для кого,Ценности и принципы,Закулисье или разбор,Как выглядит честный разговор с клиентом,Stories или короткое видео,,,
61,9,Пт,I. Основа: кто вы и для кого,Ценности и принципы,Вопрос или мнение,Что для вас важнее всего в подрядчике?,Пост или опрос в Stories,,,
62,9,Сб,I. Основа: кто вы и для кого,Ценности и принципы,Личное,Чему меня научили родители или первый начальник,Фото или Stories,,,
63,9,Вс,I. Основа: кто вы и для кого,Ценности и принципы,Подборка или приглашение,Чего я не делаю никогда — и почему,Карусель,,,
64,10,Пн,I. Основа: кто вы и для кого,Результаты: что возможно,Инструкция,Как измерить результат в моей теме,Карусель или короткое видео,,,
65,10,Вт,I. Основа: кто вы и для кого,Результаты: что возможно,Ошибка или миф,Миф о быстрых результатах,Короткое видео,,,
66,10,Ср,I. Основа: кто вы и для кого,Результаты: что возможно,История или кейс,Результат клиента в цифрах,Пост с фото,,,
67,10,Чт,I. Основа: кто вы и для кого,Результаты: что возможно,Закулисье или разбор,Разбор: из чего сложился этот результат,Stories или короткое видео,,,
68,10,Пт,I. Основа: кто вы и для кого,Результаты: что возможно,Вопрос или мнение,Какой результат был бы для вас победой?,Пост или опрос в Stories,,,
69,10,Сб,I. Основа: кто вы и для кого,Результаты: что возможно,Личное,"Мой личный результат, которым я горжусь",Фото или Stories,,,
70,10,Вс,I. Основа: кто вы и для кого,Результаты: что возможно,Подборка или приглашение,Пять результатов клиентов за последнее время,Карусель,,,
71,11,Пн,I. Основа: кто вы и для кого,Время и привычки,Инструкция,Как выделить на это 20 минут в день,Карусель или короткое видео,,,
72,11,Вт,I. Основа: кто вы и для кого,Время и привычки,Ошибка или миф,Ошибка: ждать свободного времени,Короткое видео,,,
73,11,Ср,I. Основа: кто вы и для кого,Время и привычки,История или кейс,Как я встроил привычку в свой график,Пост с фото,,,
74,11,Чт,I. Основа: кто вы и для кого,Время и привычки,Закулисье или разбор,Моя неделя в календаре — показываю,Stories или короткое видео,,,
75,11,Пт,I. Основа: кто вы и для кого,Время и привычки,Вопрос или мнение,Когда вам удобнее всего заниматься этим?,Пост или опрос в Stories,,,
76,11,Сб,I. Основа: кто вы и для кого,Время и привычки,Личное,Мой способ отдыхать,Фото или Stories,,,
77,11,Вс,I. Основа: кто вы и для кого,Время и привычки,Подборка или приглашение,Семь маленьких привычек с большим эффектом,Карусель,,,
78,12,Пн,I. Основа: кто вы и для кого,Деньги и цена,Инструкция,"Как посчитать, окупится ли решение",Карусель или короткое видео,,,
79,12,Вт,I. Основа: кто вы и для кого,Деньги и цена,Ошибка или миф,Миф: дёшево значит выгодно,Короткое видео,,,
80,12,Ср,I. Основа: кто вы и для кого,Деньги и цена,История или кейс,Сколько клиент потерял на бесплатном решении,Пост с фото,,,
81,12,Чт,I. Основа: кто вы и для кого,Деньги и цена,Закулисье или разбор,Из чего складывается моя цена,Stories или короткое видео,,,
82,12,Пт,I. Основа: кто вы и для кого,Деньги и цена,Вопрос или мнение,На чём вы никогда не экономите?,Пост или опрос в Stories,,,
83,12,Сб,I. Основа: кто вы и для кого,Деньги и цена,Личное,Моя самая удачная трата за год,Фото или Stories,,,
84,12,Вс,I. Основа: кто вы и для кого,Деньги и цена,Подборка или приглашение,"Что можно сделать бесплатно, а за что стоит платить",Карусель,,,
85,13,Пн,I. Основа: кто вы и для кого,Итоги квартала,Инструкция,Как подвести итоги квартала за 15 минут,Карусель или короткое видео,,,
86,13,Вт,I. Основа: кто вы и для кого,Итоги квартала,Ошибка или миф,Ошибка: ставить цели и не смотреть на них,Короткое видео,,,
87,13,Ср,I. Основа: кто вы и для кого,Итоги квартала,История или кейс,Что получилось у меня за три месяца,Пост с фото,,,
88,13,Чт,I. Основа: кто вы и для кого,Итоги квартала,Закулисье или разбор,Что не получилось и что я с этим делаю,Stories или короткое видео,,,
89,13,Пт,I. Основа: кто вы и для кого,Итоги квартала,Вопрос или мнение,Какой ваш главный итог квартала?,Пост или опрос в Stories,,,
90,13,Сб,I. Основа: кто вы и для кого,Итоги квартала,Личное,Что меня радовало в эти три месяца,Фото или Stories,,,
91,13,Вс,I. Основа: кто вы и для кого,Итоги квартала,Подборка или приглашение,Лучшие посты квартала — подборка,Карусель,,,
92,14,Пн,II. Доверие: опыт и доказательства,Кейс недели: подробно,Инструкция,Как повторить результат этого кейса,Карусель или короткое видео,,,
93,14,Вт,II. Доверие: опыт и доказательства,Кейс недели: подробно,Ошибка или миф,"Ошибка, которую мы исправили в этом кейсе",Короткое видео,,,
94,14,Ср,II. Доверие: опыт и доказательства,Кейс недели: подробно,История или кейс,Полная история клиента: от запроса до результата,Пост с фото,,,
95,14,Чт,II. Доверие: опыт и доказательства,Кейс недели: подробно,Закулисье или разбор,Что осталось за кадром кейса,Stories или короткое видео,,,
96,14,Пт,II. Доверие: опыт и доказательства,Кейс недели: подробно,Вопрос или мнение,С какой частью кейса вы столкнулись бы сами?,Пост или опрос в Stories,,,
97,14,Сб,II. Доверие: опыт и доказательства,Кейс недели: подробно,Личное,"Что я почувствовал, когда всё получилось",Фото или Stories,,,
98,14,Вс,II. Доверие: опыт и доказательства,Кейс недели: подробно,Подборка или приглашение,Три вывода из кейса для любой ниши,Карусель,,,
99,15,Пн,II. Доверие: опыт и доказательства,Процесс работы,Инструкция,Как подготовиться к работе со мной,Карусель или короткое видео,,,
100,15,Вт,II. Доверие: опыт и доказательства,Процесс работы,Ошибка или миф,"Миф: специалист всё сделает сам, без вашего участия",Короткое видео,,,
101,15,Ср,II. Доверие: опыт и доказательства,Процесс работы,История или кейс,"Проект, где процесс спас результат",Пост с фото,,,
102,15,Чт,II. Доверие: опыт и доказательства,Процесс работы,Закулисье или разбор,"Этап, который клиенты не видят",Stories или короткое видео,,,
103,15,Пт,II. Доверие: опыт и доказательства,Процесс работы,Вопрос или мнение,Какой этап работы вам кажется лишним?,Пост или опрос в Stories,,,
104,15,Сб,II. Доверие: опыт и доказательства,Процесс работы,Личное,Моя любимая часть работы,Фото или Stories,,,
105,15,Вс,II. Доверие: опыт и доказательства,Процесс работы,Подборка или приглашение,Процесс от заявки до результата — схема,Карусель,,,
106,16,Пн,II. Доверие: опыт и доказательства,Ошибки и провалы,Инструкция,"Как исправить ошибку, пока она маленькая",Карусель или короткое видео,,,
107,16,Вт,II. Доверие: опыт и доказательства,Ошибки и провалы,Ошибка или миф,"Ошибка, которую делают даже опытные",Короткое видео,,,
108,16,Ср,II. Доверие: опыт и доказательства,Ошибки и провалы,История или кейс,Мой самый дорогой провал,Пост с фото,,,
109,16,Чт,II. Доверие: опыт и доказательства,Ошибки и провалы,Закулисье или разбор,Разбираю чужую ошибку — с разрешения,Stories или короткое видео,,,
110,16,Пт,II. Доверие: опыт и доказательства,Ошибки и провалы,Вопрос или мнение,Какая ошибка научила вас больше всего?,Пост или опрос в Stories,,,
111,16,Сб,II. Доверие: опыт и доказательства,Ошибки и провалы,Личное,Как я переживаю неудачи,Фото или Stories,,,
112,16,Вс,II. Доверие: опыт и доказательства,Ошибки и провалы,Подборка или приглашение,"Пять ошибок, которые лучше совершить рано",Карусель,,,
113,17,Пн,II. Доверие: опыт и доказательства,Отзывы и люди,Инструкция,"Как оставить отзыв, который поможет другим",Карусель или короткое видео,,,
114,17,Вт,II. Доверие: опыт и доказательства,Отзывы и люди,Ошибка или миф,Миф: отзывы пишут только довольные,Короткое видео,,,
115,17,Ср,II. Доверие: опыт и доказательства,Отзывы и люди,История или кейс,"Отзыв, который меня тронул",Пост с фото,,,
116,17,Чт,II. Доверие: опыт и доказательства,Отзывы и люди,Закулисье или разбор,Как я работаю с критикой: пример,Stories или короткое видео,,,
117,17,Пт,II. Доверие: опыт и доказательства,Отзывы и люди,Вопрос или мнение,Что для вас решает: отзывы или рекомендация друга?,Пост или опрос в Stories,,,
118,17,Сб,II. Доверие: опыт и доказательства,Отзывы и люди,Личное,"Люди, без которых ничего бы не вышло",Фото или Stories,,,
119,17,Вс,II. Доверие: опыт и доказательства,Отзывы и люди,Подборка или приглашение,Что говорят клиенты — подборка,Карусель,,,
120,18,Пн,II. Доверие: опыт и доказательства,Экспертиза: глубоко в тему,Инструкция,Сложная тема простыми словами,Карусель или короткое видео,,,
121,18,Вт,II. Доверие: опыт и доказательства,Экспертиза: глубоко в тему,Ошибка или миф,"Заблуждение, которое встречается даже у коллег",Короткое видео,,,
122,18,Ср,II. Доверие: опыт и доказательства,Экспертиза: глубоко в тему,История или кейс,"Случай, который не описан в учебниках",Пост с фото,,,
123,18,Чт,II. Доверие: опыт и доказательства,Экспертиза: глубоко в тему,Закулисье или разбор,Разбор нового исследования или новости в нише,Stories или короткое видео,,,
124,18,Пт,II. Доверие: опыт и доказательства,Экспертиза: глубоко в тему,Вопрос или мнение,Какую тему разобрать глубже?,Пост или опрос в Stories,,,
125,18,Сб,II. Доверие: опыт и доказательства,Экспертиза: глубоко в тему,Личное,"Книга или курс, которые сделали меня сильнее",Фото или Stories,,,
126,18,Вс,II. Доверие: опыт и доказательства,Экспертиза: глубоко в тему,Подборка или приглашение,Словарь темы: десять терминов по-человечески,Карусель,,,
127,19,Пн,II. Доверие: опыт и доказательства,Сравнения и выбор,Инструкция,Как выбрать между двумя вариантами: таблица,Карусель или короткое видео,,,
128,19,Вт,II. Доверие: опыт и доказательства,Сравнения и выбор,Ошибка или миф,Ошибка: выбирать по цене,Короткое видео,,,
129,19,Ср,II. Доверие: опыт и доказательства,Сравнения и выбор,История или кейс,"Клиент, который выбрал не то, и что было дальше",Пост с фото,,,
130,19,Чт,II. Доверие: опыт и доказательства,Сравнения и выбор,Закулисье или разбор,Сравниваю два подхода на одной задаче,Stories или короткое видео,,,
131,19,Пт,II. Доверие: опыт и доказательства,Сравнения и выбор,Вопрос или мнение,Что вы выбрали бы: быстро или надёжно?,Пост или опрос в Stories,,,
132,19,Сб,II. Доверие: опыт и доказательства,Сравнения и выбор,Личное,Мой собственный трудный выбор,Фото или Stories,,,
133,19,Вс,II. Доверие: опыт и доказательства,Сравнения и выбор,Подборка или приглашение,Три варианта решения задачи: кому какой,Карусель,,,
134,20,Пн,II. Доверие: опыт и доказательства,Возражения,Инструкция,"Как понять, что вам это действительно нужно",Карусель или короткое видео,,,
135,20,Вт,II. Доверие: опыт и доказательства,Возражения,Ошибка или миф,Миф «сделаю сам по видео из интернета»,Короткое видео,,,
136,20,Ср,II. Доверие: опыт и доказательства,Возражения,История или кейс,"Клиент, который сомневался полгода",Пост с фото,,,
137,20,Чт,II. Доверие: опыт и доказательства,Возражения,Закулисье или разбор,Отвечаю на самое частое «но»,Stories или короткое видео,,,
138,20,Пт,II. Доверие: опыт и доказательства,Возражения,Вопрос или мнение,Что вас останавливает прямо сейчас?,Пост или опрос в Stories,,,
139,20,Сб,II. Доверие: опыт и доказательства,Возражения,Личное,В чём сомневаюсь я сам,Фото или Stories,,,
140,20,Вс,II. Доверие: опыт и доказательства,Возражения,Подборка или приглашение,Пять сомнений и честные ответы на них,Карусель,,,
141,21,Пн,II. Доверие: опыт и доказательства,Команда и партнёры,Инструкция,Как устроена работа с моей командой или подрядчиками,Карусель или короткое видео,,,
142,21,Вт,II. Доверие: опыт и доказательства,Команда и партнёры,Ошибка или миф,Ошибка: делать всё в одиночку,Короткое видео,,,
143,21,Ср,II. Доверие: опыт и доказательства,Команда и партнёры,История или кейс,Как я нашёл своего лучшего партнёра,Пост с фото,,,
144,21,Чт,II. Доверие: опыт и доказательства,Команда и партнёры,Закулисье или разбор,"Знакомлю с человеком, который мне помогает",Stories или короткое видео,,,
145,21,Пт,II. Доверие: опыт и доказательства,Команда и партнёры,Вопрос или мнение,Кому вы доверяете в работе?,Пост или опрос в Stories,,,
146,21,Сб,II. Доверие: опыт и доказательства,Команда и партнёры,Личное,Что я ценю в людях рядом,Фото или Stories,,,
147,21,Вс,II. Доверие: опыт и доказательства,Команда и партнёры,Подборка или приглашение,Кого я рекомендую — список проверенных,Карусель,,,
148,22,Пн,II. Доверие: опыт и доказательства,Обучение и рост,Инструкция,"Как учиться новому, когда нет времени",Карусель или короткое видео,,,
149,22,Вт,II. Доверие: опыт и доказательства,Обучение и рост,Ошибка или миф,Миф: нужен диплом или сертификат,Короткое видео,,,
150,22,Ср,II. Доверие: опыт и доказательства,Обучение и рост,История или кейс,"Навык, который дался мне труднее всего",Пост с фото,,,
151,22,Чт,II. Доверие: опыт и доказательства,Обучение и рост,Закулисье или разбор,Что я изучаю сейчас: показываю конспект,Stories или короткое видео,,,
152,22,Пт,II. Доверие: опыт и доказательства,Обучение и рост,Вопрос или мнение,Чему вы хотите научиться в этом году?,Пост или опрос в Stories,,,
153,22,Сб,II. Доверие: опыт и доказательства,Обучение и рост,Личное,Чему я учусь вне работы,Фото или Stories,,,
154,22,Вс,II. Доверие: опыт и доказательства,Обучение и рост,Подборка или приглашение,"Пять источников, которые я читаю постоянно",Карусель,,,
155,23,Пн,II. Доверие: опыт и доказательства,Тренды ниши,Инструкция,Как применить тренд без больших затрат,Карусель или короткое видео,,,
156,23,Вт,II. Доверие: опыт и доказательства,Тренды ниши,Ошибка или миф,"Тренд, который переоценён",Короткое видео,,,
157,23,Ср,II. Доверие: опыт и доказательства,Тренды ниши,История или кейс,Как я ошибся с прогнозом,Пост с фото,,,
158,23,Чт,II. Доверие: опыт и доказательства,Тренды ниши,Закулисье или разбор,Разбираю новость недели в нише,Stories или короткое видео,,,
159,23,Пт,II. Доверие: опыт и доказательства,Тренды ниши,Вопрос или мнение,Какой тренд вас раздражает?,Пост или опрос в Stories,,,
160,23,Сб,II. Доверие: опыт и доказательства,Тренды ниши,Личное,"Что останется, когда мода пройдёт",Фото или Stories,,,
161,23,Вс,II. Доверие: опыт и доказательства,Тренды ниши,Подборка или приглашение,"Три изменения, к которым стоит готовиться",Карусель,,,
162,24,Пн,II. Доверие: опыт и доказательства,Безопасность и гарантии,Инструкция,Как проверить специалиста до оплаты,Карусель или короткое видео,,,
163,24,Вт,II. Доверие: опыт и доказательства,Безопасность и гарантии,Ошибка или миф,Ошибка: работать без договора,Короткое видео,,,
164,24,Ср,II. Доверие: опыт и доказательства,Безопасность и гарантии,История или кейс,"Случай, когда гарантия пригодилась",Пост с фото,,,
165,24,Чт,II. Доверие: опыт и доказательства,Безопасность и гарантии,Закулисье или разбор,Что написано в моём договоре простыми словами,Stories или короткое видео,,,
166,24,Пт,II. Доверие: опыт и доказательства,Безопасность и гарантии,Вопрос или мнение,Какой гарантии вам не хватает?,Пост или опрос в Stories,,,
167,24,Сб,II. Доверие: опыт и доказательства,Безопасность и гарантии,Личное,Чем я дорожу в своей репутации,Фото или Stories,,,
168,24,Вс,II. Доверие: опыт и доказательства,Безопасность и гарантии,Подборка или приглашение,"Пять вопросов, которые нужно задать до старта",Карусель,,,
169,25,Пн,II. Доверие: опыт и доказательства,Сезон и поводы,Инструкция,Как подготовиться к сезону заранее,Карусель или короткое видео,,,
170,25,Вт,II. Доверие: опыт и доказательства,Сезон и поводы,Ошибка или миф,Ошибка: начинать в последний момент,Короткое видео,,,
171,25,Ср,II. Доверие: опыт и доказательства,Сезон и поводы,История или кейс,Мой самый напряжённый сезон,Пост с фото,,,
172,25,Чт,II. Доверие: опыт и доказательства,Сезон и поводы,Закулисье или разбор,Как выглядит подготовка изнутри,Stories или короткое видео,,,
173,25,Пт,II. Доверие: опыт и доказательства,Сезон и поводы,Вопрос или мнение,Что вы планируете на ближайшие недели?,Пост или опрос в Stories,,,
174,25,Сб,II. Доверие: опыт и доказательства,Сезон и поводы,Личное,Моя любимая традиция этого времени года,Фото или Stories,,,
175,25,Вс,II. Доверие: опыт и доказательства,Сезон и поводы,Подборка или приглашение,Чеклист сезона — сохраняйте,Карусель,,,
176,26,Пн,II. Доверие: опыт и доказательства,Полугодие: итоги и планы,Инструкция,Как пересмотреть годовые цели в середине года,Карусель или короткое видео,,,
177,26,Вт,II. Доверие: опыт и доказательства,Полугодие: итоги и планы,Ошибка или миф,"Ошибка: тащить цель, которая уже не нужна",Короткое видео,,,
178,26,Ср,II. Доверие: опыт и доказательства,Полугодие: итоги и планы,История или кейс,Что изменилось у меня за полгода,Пост с фото,,,
179,26,Чт,II. Доверие: опыт и доказательства,Полугодие: итоги и планы,Закулисье или разбор,Цифры полугодия — честно,Stories или короткое видео,,,
180,26,Пт,II. Доверие: опыт и доказательства,Полугодие: итоги и планы,Вопрос или мнение,От какой цели вы готовы отказаться?,Пост или опрос в Stories,,,
181,26,Сб,II. Доверие: опыт и доказательства,Полугодие: итоги и планы,Личное,Чем я горжусь за эти полгода,Фото или Stories,,,
182,26,Вс,II. Доверие: опыт и доказательства,Полугодие: итоги и планы,Подборка или приглашение,Лучшее за полгода — подборка,Карусель,,,
183,27,Пн,III. Рост: охват и вовлечение,Форматы: пробуем новое,Инструкция,Как снять первое короткое видео,Карусель или короткое видео,,,
184,27,Вт,III. Рост: охват и вовлечение,Форматы: пробуем новое,Ошибка или миф,Миф: в кадре нужно быть идеальным,Короткое видео,,,
185,27,Ср,III. Рост: охват и вовлечение,Форматы: пробуем новое,История или кейс,Мой первый ролик — показываю,Пост с фото,,,
186,27,Чт,III. Рост: охват и вовлечение,Форматы: пробуем новое,Закулисье или разбор,Как я готовлю контент: процесс,Stories или короткое видео,,,
187,27,Пт,III. Рост: охват и вовлечение,Форматы: пробуем новое,Вопрос или мнение,"Какой формат вам удобнее: текст, видео, аудио?",Пост или опрос в Stories,,,
188,27,Сб,III. Рост: охват и вовлечение,Форматы: пробуем новое,Личное,Что мне самому нравится смотреть,Фото или Stories,,,
189,27,Вс,III. Рост: охват и вовлечение,Форматы: пробуем новое,Подборка или приглашение,"Пять форматов, которые можно сделать за вечер",Карусель,,,
190,28,Пн,III. Рост: охват и вовлечение,Вовлечение,Инструкция,"Как задать вопрос, на который ответят",Карусель или короткое видео,,,
191,28,Вт,III. Рост: охват и вовлечение,Вовлечение,Ошибка или миф,Ошибка: просить лайк вместо разговора,Короткое видео,,,
192,28,Ср,III. Рост: охват и вовлечение,Вовлечение,История или кейс,"Комментарий, из которого вырос пост",Пост с фото,,,
193,28,Чт,III. Рост: охват и вовлечение,Вовлечение,Закулисье или разбор,Отвечаю на комментарии в прямом эфире,Stories или короткое видео,,,
194,28,Пт,III. Рост: охват и вовлечение,Вовлечение,Вопрос или мнение,Расскажите о себе: кто меня читает?,Пост или опрос в Stories,,,
195,28,Сб,III. Рост: охват и вовлечение,Вовлечение,Личное,Что я узнал о вас за этот год,Фото или Stories,,,
196,28,Вс,III. Рост: охват и вовлечение,Вовлечение,Подборка или приглашение,Лучшие комментарии месяца,Карусель,,,
197,29,Пн,III. Рост: охват и вовлечение,Совместные проекты,Инструкция,Как выбрать партнёра для совместного контента,Карусель или короткое видео,,,
198,29,Вт,III. Рост: охват и вовлечение,Совместные проекты,Ошибка или миф,Ошибка: коллаборация ради охвата,Короткое видео,,,
199,29,Ср,III. Рост: охват и вовлечение,Совместные проекты,История или кейс,"Совместный проект, который удался",Пост с фото,,,
200,29,Чт,III. Рост: охват и вовлечение,Совместные проекты,Закулисье или разбор,Разговор с коллегой: три вопроса,Stories или короткое видео,,,
201,29,Пт,III. Рост: охват и вовлечение,Совместные проекты,Вопрос или мнение,С кем мне сделать совместный эфир?,Пост или опрос в Stories,,,
202,29,Сб,III. Рост: охват и вовлечение,Совместные проекты,Личное,"Человек, на которого я равняюсь",Фото или Stories,,,
203,29,Вс,III. Рост: охват и вовлечение,Совместные проекты,Подборка или приглашение,"Пять блогов, которые я читаю сам",Карусель,,,
204,30,Пн,III. Рост: охват и вовлечение,Бесплатная польза,Инструкция,Как пользоваться моим бесплатным материалом,Карусель или короткое видео,,,
205,30,Вт,III. Рост: охват и вовлечение,Бесплатная польза,Ошибка или миф,Миф: бесплатное — значит бесполезное,Короткое видео,,,
206,30,Ср,III. Рост: охват и вовлечение,Бесплатная польза,История или кейс,"Человек, которому хватило бесплатного",Пост с фото,,,
207,30,Чт,III. Рост: охват и вовлечение,Бесплатная польза,Закулисье или разбор,Что внутри материала: листаю на камеру,Stories или короткое видео,,,
208,30,Пт,III. Рост: охват и вовлечение,Бесплатная польза,Вопрос или мнение,Какой материал вам нужен?,Пост или опрос в Stories,,,
209,30,Сб,III. Рост: охват и вовлечение,Бесплатная польза,Личное,Почему я отдаю это бесплатно,Фото или Stories,,,
210,30,Вс,III. Рост: охват и вовлечение,Бесплатная польза,Подборка или приглашение,Все бесплатные материалы в одном месте,Карусель,,,
211,31,Пн,III. Рост: охват и вовлечение,Марафон недели: одно действие в день,Инструкция,День 1: одно простое действие,Карусель или короткое видео,,,
212,31,Вт,III. Рост: охват и вовлечение,Марафон недели: одно действие в день,Ошибка или миф,"День 2: ошибка, которую сегодня обходим",Короткое видео,,,
213,31,Ср,III. Рост: охват и вовлечение,Марафон недели: одно действие в день,История или кейс,День 3: история участника,Пост с фото,,,
214,31,Чт,III. Рост: охват и вовлечение,Марафон недели: одно действие в день,Закулисье или разбор,День 4: разбор работ участников,Stories или короткое видео,,,
215,31,Пт,III. Рост: охват и вовлечение,Марафон недели: одно действие в день,Вопрос или мнение,День 5: как у вас идёт?,Пост или опрос в Stories,,,
216,31,Сб,III. Рост: охват и вовлечение,Марафон недели: одно действие в день,Личное,День 6: отдых и вопросы,Фото или Stories,,,
217,31,Вс,III. Рост: охват и вовлечение,Марафон недели: одно действие в день,Подборка или приглашение,День 7: итоги и что дальше,Карусель,,,
218,32,Пн,III. Рост: охват и вовлечение,Истории подписчиков,Инструкция,Как прислать свою историю,Карусель или короткое видео,,,
219,32,Вт,III. Рост: охват и вовлечение,Истории подписчиков,Ошибка или миф,"Ошибка, которой поделился подписчик",Короткое видео,,,
220,32,Ср,III. Рост: охват и вовлечение,Истории подписчиков,История или кейс,История подписчика — с разрешения,Пост с фото,,,
221,32,Чт,III. Рост: охват и вовлечение,Истории подписчиков,Закулисье или разбор,Разбираю ситуацию подписчика,Stories или короткое видео,,,
222,32,Пт,III. Рост: охват и вовлечение,Истории подписчиков,Вопрос или мнение,Чья история вам ближе?,Пост или опрос в Stories,,,
223,32,Сб,III. Рост: охват и вовлечение,Истории подписчиков,Личное,Что меня в ней зацепило,Фото или Stories,,,
224,32,Вс,III. Рост: охват и вовлечение,Истории подписчиков,Подборка или приглашение,"Три истории, которые стоит прочитать",Карусель,,,
225,33,Пн,III. Рост: охват и вовлечение,Мифы ниши: большая неделя,Инструкция,Как отличить миф от факта в нашей теме,Карусель или короткое видео,,,
226,33,Вт,III. Рост: охват и вовлечение,Мифы ниши: большая неделя,Ошибка или миф,Самый вредный миф,Короткое видео,,,
227,33,Ср,III. Рост: охват и вовлечение,Мифы ниши: большая неделя,История или кейс,Как я сам верил в миф,Пост с фото,,,
228,33,Чт,III. Рост: охват и вовлечение,Мифы ниши: большая неделя,Закулисье или разбор,Проверяю популярный совет на практике,Stories или короткое видео,,,
229,33,Пт,III. Рост: охват и вовлечение,Мифы ниши: большая неделя,Вопрос или мнение,В какой миф вы верили?,Пост или опрос в Stories,,,
230,33,Сб,III. Рост: охват и вовлечение,Мифы ниши: большая неделя,Личное,Откуда берутся мифы,Фото или Stories,,,
231,33,Вс,III. Рост: охват и вовлечение,Мифы ниши: большая неделя,Подборка или приглашение,Семь мифов в одной карусели,Карусель,,,
232,34,Пн,III. Рост: охват и вовлечение,Простые решения,Инструкция,Как решить задачу за пять минут,Карусель или короткое видео,,,
233,34,Вт,III. Рост: охват и вовлечение,Простые решения,Ошибка или миф,Ошибка: усложнять,Короткое видео,,,
234,34,Ср,III. Рост: охват и вовлечение,Простые решения,История или кейс,"Простое решение, которое сработало лучше сложного",Пост с фото,,,
235,34,Чт,III. Рост: охват и вовлечение,Простые решения,Закулисье или разбор,Упрощаю чужой процесс на глазах,Stories или короткое видео,,,
236,34,Пт,III. Рост: охват и вовлечение,Простые решения,Вопрос или мнение,Что вы хотели бы упростить?,Пост или опрос в Stories,,,
237,34,Сб,III. Рост: охват и вовлечение,Простые решения,Личное,Что я упростил в своей жизни,Фото или Stories,,,
238,34,Вс,III. Рост: охват и вовлечение,Простые решения,Подборка или приглашение,Пять решений на пять минут каждое,Карусель,,,
239,35,Пн,III. Рост: охват и вовлечение,Сложные случаи,Инструкция,"Как действовать, когда стандартное не работает",Карусель или короткое видео,,,
240,35,Вт,III. Рост: охват и вовлечение,Сложные случаи,Ошибка или миф,Ошибка: применять шаблон ко всем,Короткое видео,,,
241,35,Ср,III. Рост: охват и вовлечение,Сложные случаи,История или кейс,Самый сложный случай в моей практике,Пост с фото,,,
242,35,Чт,III. Рост: охват и вовлечение,Сложные случаи,Закулисье или разбор,Разбор нестандартной ситуации,Stories или короткое видео,,,
243,35,Пт,III. Рост: охват и вовлечение,Сложные случаи,Вопрос или мнение,С какой нестандартной задачей вы сталкивались?,Пост или опрос в Stories,,,
244,35,Сб,III. Рост: охват и вовлечение,Сложные случаи,Личное,Что помогает мне не сдаваться,Фото или Stories,,,
245,35,Вс,III. Рост: охват и вовлечение,Сложные случаи,Подборка или приглашение,Три сложных случая и чем они закончились,Карусель,,,
246,36,Пн,III. Рост: охват и вовлечение,Экономия времени,Инструкция,Как сократить задачу вдвое,Карусель или короткое видео,,,
247,36,Вт,III. Рост: охват и вовлечение,Экономия времени,Ошибка или миф,Миф о многозадачности,Короткое видео,,,
248,36,Ср,III. Рост: охват и вовлечение,Экономия времени,История или кейс,Сколько часов я вернул себе за год,Пост с фото,,,
249,36,Чт,III. Рост: охват и вовлечение,Экономия времени,Закулисье или разбор,Что я автоматизировал: показываю,Stories или короткое видео,,,
250,36,Пт,III. Рост: охват и вовлечение,Экономия времени,Вопрос или мнение,На что у вас уходит больше всего времени?,Пост или опрос в Stories,,,
251,36,Сб,III. Рост: охват и вовлечение,Экономия времени,Личное,На что я трачу освободившееся время,Фото или Stories,,,
252,36,Вс,III. Рост: охват и вовлечение,Экономия времени,Подборка или приглашение,Семь приёмов экономии времени,Карусель,,,
253,37,Пн,III. Рост: охват и вовлечение,Вопросы и ответы: большая неделя,Инструкция,"Как задать вопрос, чтобы получить полезный ответ",Карусель или короткое видео,,,
254,37,Вт,III. Рост: охват и вовлечение,Вопросы и ответы: большая неделя,Ошибка или миф,"Вопрос, за которым стоит заблуждение",Короткое видео,,,
255,37,Ср,III. Рост: охват и вовлечение,Вопросы и ответы: большая неделя,История или кейс,"Вопрос, который изменил мой подход",Пост с фото,,,
256,37,Чт,III. Рост: охват и вовлечение,Вопросы и ответы: большая неделя,Закулисье или разбор,Отвечаю на вопросы голосом,Stories или короткое видео,,,
257,37,Пт,III. Рост: охват и вовлечение,Вопросы и ответы: большая неделя,Вопрос или мнение,Задайте вопрос на следующую неделю,Пост или опрос в Stories,,,
258,37,Сб,III. Рост: охват и вовлечение,Вопросы и ответы: большая неделя,Личное,"Вопрос, на который у меня нет ответа",Фото или Stories,,,
259,37,Вс,III. Рост: охват и вовлечение,Вопросы и ответы: большая неделя,Подборка или приглашение,Ответы на все вопросы недели,Карусель,,,
260,38,Пн,III. Рост: охват и вовлечение,"Ваш день, инструменты, место",Инструкция,Как организовать рабочее место,Карусель или короткое видео,,,
261,38,Вт,III. Рост: охват и вовлечение,"Ваш день, инструменты, место",Ошибка или миф,"Ошибка: работать там, где отдыхаешь",Короткое видео,,,
262,38,Ср,III. Рост: охват и вовлечение,"Ваш день, инструменты, место",История или кейс,Как менялось моё рабочее место,Пост с фото,,,
263,38,Чт,III. Рост: охват и вовлечение,"Ваш день, инструменты, место",Закулисье или разбор,Экскурсия по моему рабочему месту,Stories или короткое видео,,,
264,38,Пт,III. Рост: охват и вовлечение,"Ваш день, инструменты, место",Вопрос или мнение,Где вам работается лучше всего?,Пост или опрос в Stories,,,
265,38,Сб,III. Рост: охват и вовлечение,"Ваш день, инструменты, место",Личное,Моя любимая вещь на столе,Фото или Stories,,,
266,38,Вс,III. Рост: охват и вовлечение,"Ваш день, инструменты, место",Подборка или приглашение,Что у меня на столе и зачем,Карусель,,,
267,39,Пн,III. Рост: охват и вовлечение,Итоги квартала и осенний план,Инструкция,Как спланировать последний квартал,Карусель или короткое видео,,,
268,39,Вт,III. Рост: охват и вовлечение,Итоги квартала и осенний план,Ошибка или миф,Ошибка: откладывать на «после праздников»,Короткое видео,,,
269,39,Ср,III. Рост: охват и вовлечение,Итоги квартала и осенний план,История или кейс,Что я успел за три квартала,Пост с фото,,,
270,39,Чт,III. Рост: охват и вовлечение,Итоги квартала и осенний план,Закулисье или разбор,Что переношу и от чего отказываюсь,Stories или короткое видео,,,
271,39,Пт,III. Рост: охват и вовлечение,Итоги квартала и осенний план,Вопрос или мнение,Что вы хотите успеть до конца года?,Пост или опрос в Stories,,,
272,39,Сб,III. Рост: охват и вовлечение,Итоги квартала и осенний план,Личное,Чему я рад прямо сейчас,Фото или Stories,,,
273,39,Вс,III. Рост: охват и вовлечение,Итоги квартала и осенний план,Подборка или приглашение,Лучшее за квартал — подборка,Карусель,,,
274,40,Пн,IV. Продажи и итоги,Оффер: что вы предлагаете сейчас,Инструкция,"Как понять, какой вариант вам подходит",Карусель или короткое видео,,,
275,40,Вт,IV. Продажи и итоги,Оффер: что вы предлагаете сейчас,Ошибка или миф,Миф: «потом будет дешевле»,Короткое видео,,,
276,40,Ср,IV. Продажи и итоги,Оффер: что вы предлагаете сейчас,История или кейс,"Клиент, который решился и не пожалел",Пост с фото,,,
277,40,Чт,IV. Продажи и итоги,Оффер: что вы предлагаете сейчас,Закулисье или разбор,"Показываю, что получает клиент в первый день",Stories или короткое видео,,,
278,40,Пт,IV. Продажи и итоги,Оффер: что вы предлагаете сейчас,Вопрос или мнение,Что вам важно знать до покупки?,Пост или опрос в Stories,,,
279,40,Сб,IV. Продажи и итоги,Оффер: что вы предлагаете сейчас,Личное,Почему я верю в этот продукт,Фото или Stories,,,
280,40,Вс,IV. Продажи и итоги,Оффер: что вы предлагаете сейчас,Подборка или приглашение,Всё о предложении в одной карусели,Карусель,,,
281,41,Пн,IV. Продажи и итоги,Доказательства,Инструкция,Как проверить мои результаты,Карусель или короткое видео,,,
282,41,Вт,IV. Продажи и итоги,Доказательства,Ошибка или миф,Ошибка: верить на слово,Короткое видео,,,
283,41,Ср,IV. Продажи и итоги,Доказательства,История или кейс,Кейс с цифрами и скриншотами,Пост с фото,,,
284,41,Чт,IV. Продажи и итоги,Доказательства,Закулисье или разбор,Показываю рабочие материалы клиента,Stories или короткое видео,,,
285,41,Пт,IV. Продажи и итоги,Доказательства,Вопрос или мнение,Какое доказательство убедило бы вас?,Пост или опрос в Stories,,,
286,41,Сб,IV. Продажи и итоги,Доказательства,Личное,"Что я чувствую, когда клиенту помогло",Фото или Stories,,,
287,41,Вс,IV. Продажи и итоги,Доказательства,Подборка или приглашение,"Пять подтверждений, что это работает",Карусель,,,
288,42,Пн,IV. Продажи и итоги,Цена и ценность,Инструкция,Как сравнивать цены правильно,Карусель или короткое видео,,,
289,42,Вт,IV. Продажи и итоги,Цена и ценность,Ошибка или миф,Миф: дорого — значит хорошо,Короткое видео,,,
290,42,Ср,IV. Продажи и итоги,Цена и ценность,История или кейс,"Клиент, который выбрал дешевле и вернулся",Пост с фото,,,
291,42,Чт,IV. Продажи и итоги,Цена и ценность,Закулисье или разбор,Раскладываю цену на составляющие,Stories или короткое видео,,,
292,42,Пт,IV. Продажи и итоги,Цена и ценность,Вопрос или мнение,Сколько вы готовы платить и за что?,Пост или опрос в Stories,,,
293,42,Сб,IV. Продажи и итоги,Цена и ценность,Личное,На чём я сам не экономлю,Фото или Stories,,,
294,42,Вс,IV. Продажи и итоги,Цена и ценность,Подборка или приглашение,Что вы получаете за эти деньги — список,Карусель,,,
295,43,Пн,IV. Продажи и итоги,Сомнения перед покупкой,Инструкция,Как принять решение без спешки,Карусель или короткое видео,,,
296,43,Вт,IV. Продажи и итоги,Сомнения перед покупкой,Ошибка или миф,Ошибка: ждать идеального момента,Короткое видео,,,
297,43,Ср,IV. Продажи и итоги,Сомнения перед покупкой,История или кейс,"История человека, который откладывал",Пост с фото,,,
298,43,Чт,IV. Продажи и итоги,Сомнения перед покупкой,Закулисье или разбор,Отвечаю на сомнения из личных сообщений,Stories или короткое видео,,,
299,43,Пт,IV. Продажи и итоги,Сомнения перед покупкой,Вопрос или мнение,"Что должно произойти, чтобы вы решились?",Пост или опрос в Stories,,,
300,43,Сб,IV. Продажи и итоги,Сомнения перед покупкой,Личное,Мои собственные сомнения перед большими решениями,Фото или Stories,,,
301,43,Вс,IV. Продажи и итоги,Сомнения перед покупкой,Подборка или приглашение,Семь вопросов себе перед покупкой,Карусель,,,
302,44,Пн,IV. Продажи и итоги,Запуск или набор,Инструкция,Как всё будет устроено: расписание,Карусель или короткое видео,,,
303,44,Вт,IV. Продажи и итоги,Запуск или набор,Ошибка или миф,"Ошибка: покупать, не прочитав условия",Короткое видео,,,
304,44,Ср,IV. Продажи и итоги,Запуск или набор,История или кейс,Как прошёл прошлый набор,Пост с фото,,,
305,44,Чт,IV. Продажи и итоги,Запуск или набор,Закулисье или разбор,Подготовка к запуску изнутри,Stories или короткое видео,,,
306,44,Пт,IV. Продажи и итоги,Запуск или набор,Вопрос или мнение,Какой у вас вопрос о наборе?,Пост или опрос в Stories,,,
307,44,Сб,IV. Продажи и итоги,Запуск или набор,Личное,Что я чувствую накануне запуска,Фото или Stories,,,
308,44,Вс,IV. Продажи и итоги,Запуск или набор,Подборка или приглашение,"Все условия, даты и ссылки",Карусель,,,
309,45,Пн,IV. Продажи и итоги,Первые результаты участников,Инструкция,Как получить результат в первую неделю,Карусель или короткое видео,,,
310,45,Вт,IV. Продажи и итоги,Первые результаты участников,Ошибка или миф,Ошибка первой недели,Короткое видео,,,
311,45,Ср,IV. Продажи и итоги,Первые результаты участников,История или кейс,Первый результат участника,Пост с фото,,,
312,45,Чт,IV. Продажи и итоги,Первые результаты участников,Закулисье или разбор,Разбираю работу участника,Stories или короткое видео,,,
313,45,Пт,IV. Продажи и итоги,Первые результаты участников,Вопрос или мнение,Какой результат у вас?,Пост или опрос в Stories,,,
314,45,Сб,IV. Продажи и итоги,Первые результаты участников,Личное,Чему меня учат участники,Фото или Stories,,,
315,45,Вс,IV. Продажи и итоги,Первые результаты участников,Подборка или приглашение,Результаты первой недели — подборка,Карусель,,,
316,46,Пн,IV. Продажи и итоги,Подарки и идеи,Инструкция,Как выбрать полезный подарок в нашей теме,Карусель или короткое видео,,,
317,46,Вт,IV. Продажи и итоги,Подарки и идеи,Ошибка или миф,"Ошибка: дарить то, что нравится вам",Короткое видео,,,
318,46,Ср,IV. Продажи и итоги,Подарки и идеи,История или кейс,"Лучший подарок, который я получил",Пост с фото,,,
319,46,Чт,IV. Продажи и итоги,Подарки и идеи,Закулисье или разбор,Упаковываю подарочный вариант,Stories или короткое видео,,,
320,46,Пт,IV. Продажи и итоги,Подарки и идеи,Вопрос или мнение,Что вы хотели бы получить в подарок?,Пост или опрос в Stories,,,
321,46,Сб,IV. Продажи и итоги,Подарки и идеи,Личное,Что я дарю близким,Фото или Stories,,,
322,46,Вс,IV. Продажи и итоги,Подарки и идеи,Подборка или приглашение,Идеи подарков на разный бюджет,Карусель,,,
323,47,Пн,IV. Продажи и итоги,Благодарность,Инструкция,"Как сказать спасибо клиенту так, чтобы запомнилось",Карусель или короткое видео,,,
324,47,Вт,IV. Продажи и итоги,Благодарность,Ошибка или миф,Ошибка: благодарить только за деньги,Короткое видео,,,
325,47,Ср,IV. Продажи и итоги,Благодарность,История или кейс,"Человек, которому я обязан",Пост с фото,,,
326,47,Чт,IV. Продажи и итоги,Благодарность,Закулисье или разбор,"Письма и сообщения, которые я храню",Stories или короткое видео,,,
327,47,Пт,IV. Продажи и итоги,Благодарность,Вопрос или мнение,Кому вы хотите сказать спасибо?,Пост или опрос в Stories,,,
328,47,Сб,IV. Продажи и итоги,Благодарность,Личное,За что я благодарен этому году,Фото или Stories,,,
329,47,Вс,IV. Продажи и итоги,Благодарность,Подборка или приглашение,Спасибо вам: цифры и лица года,Карусель,,,
330,48,Пн,IV. Продажи и итоги,Чёрная пятница и акции,Инструкция,Как купить по акции и не пожалеть,Карусель или короткое видео,,,
331,48,Вт,IV. Продажи и итоги,Чёрная пятница и акции,Ошибка или миф,Миф: скидка — всегда выгода,Короткое видео,,,
332,48,Ср,IV. Продажи и итоги,Чёрная пятница и акции,История или кейс,Как я отношусь к скидкам и почему,Пост с фото,,,
333,48,Чт,IV. Продажи и итоги,Чёрная пятница и акции,Закулисье или разбор,Как устроено моё предложение на эти дни,Stories или короткое видео,,,
334,48,Пт,IV. Продажи и итоги,Чёрная пятница и акции,Вопрос или мнение,Что вы давно хотели купить?,Пост или опрос в Stories,,,
335,48,Сб,IV. Продажи и итоги,Чёрная пятница и акции,Личное,Моя лучшая и худшая покупка на распродаже,Фото или Stories,,,
336,48,Вс,IV. Продажи и итоги,Чёрная пятница и акции,Подборка или приглашение,Условия предложения — коротко,Карусель,,,
337,49,Пн,IV. Продажи и итоги,Подготовка к новому году,Инструкция,Как закрыть год без хвостов,Карусель или короткое видео,,,
338,49,Вт,IV. Продажи и итоги,Подготовка к новому году,Ошибка или миф,Ошибка: тащить незавершённое в январь,Короткое видео,,,
339,49,Ср,IV. Продажи и итоги,Подготовка к новому году,История или кейс,Что я закрываю до конца года,Пост с фото,,,
340,49,Чт,IV. Продажи и итоги,Подготовка к новому году,Закулисье или разбор,Мой список дел на декабрь,Stories или короткое видео,,,
341,49,Пт,IV. Продажи и итоги,Подготовка к новому году,Вопрос или мнение,Что вам нужно закончить в этом году?,Пост или опрос в Stories,,,
342,49,Сб,IV. Продажи и итоги,Подготовка к новому году,Личное,Как я отдыхаю в праздники,Фото или Stories,,,
343,49,Вс,IV. Продажи и итоги,Подготовка к новому году,Подборка или приглашение,Чеклист декабря,Карусель,,,
344,50,Пн,IV. Продажи и итоги,Итоги года: работа,Инструкция,Как подвести итоги года за час,Карусель или короткое видео,,,
345,50,Вт,IV. Продажи и итоги,Итоги года: работа,Ошибка или миф,Ошибка: мерить год только деньгами,Короткое видео,,,
346,50,Ср,IV. Продажи и итоги,Итоги года: работа,История или кейс,Главное событие моего года,Пост с фото,,,
347,50,Чт,IV. Продажи и итоги,Итоги года: работа,Закулисье или разбор,Год в цифрах,Stories или короткое видео,,,
348,50,Пт,IV. Продажи и итоги,Итоги года: работа,Вопрос или мнение,Каким был ваш год одним словом?,Пост или опрос в Stories,,,
349,50,Сб,IV. Продажи и итоги,Итоги года: работа,Личное,Чем я горжусь,Фото или Stories,,,
350,50,Вс,IV. Продажи и итоги,Итоги года: работа,Подборка или приглашение,Лучшие материалы года,Карусель,,,
351,51,Пн,IV. Продажи и итоги,Итоги года: личное и люди,Инструкция,Как поблагодарить себя за год,Карусель или короткое видео,,,
352,51,Вт,IV. Продажи и итоги,Итоги года: личное и люди,Ошибка или миф,Миф: если не всё успел — год потерян,Короткое видео,,,
353,51,Ср,IV. Продажи и итоги,Итоги года: личное и люди,История или кейс,Чему меня научил этот год,Пост с фото,,,
354,51,Чт,IV. Продажи и итоги,Итоги года: личное и люди,Закулисье или разбор,Фотографии года с подписями,Stories или короткое видео,,,
355,51,Пт,IV. Продажи и итоги,Итоги года: личное и люди,Вопрос или мнение,Что вы заберёте с собой в новый год?,Пост или опрос в Stories,,,
356,51,Сб,IV. Продажи и итоги,Итоги года: личное и люди,Личное,Люди года,Фото или Stories,,,
357,51,Вс,IV. Продажи и итоги,Итоги года: личное и люди,Подборка или приглашение,Двенадцать моментов года,Карусель,,,
358,52,Пн,IV. Продажи и итоги,Планы и новый год,Инструкция,"Как поставить цель, которую не бросишь в феврале",Карусель или короткое видео,,,
359,52,Вт,IV. Продажи и итоги,Планы и новый год,Ошибка или миф,Ошибка: десять целей сразу,Короткое видео,,,
360,52,Ср,IV. Продажи и итоги,Планы и новый год,История или кейс,"Цель, которую я не выполнил, и почему это нормально",Пост с фото,,,
361,52,Чт,IV. Продажи и итоги,Планы и новый год,Закулисье или разбор,Мои планы на следующий год,Stories или короткое видео,,,
362,52,Пт,IV. Продажи и итоги,Планы и новый год,Вопрос или мнение,Какая у вас одна цель на год?,Пост или опрос в Stories,,,
363,52,Сб,IV. Продажи и итоги,Планы и новый год,Личное,Чего я желаю себе и вам,Фото или Stories,,,
364,52,Вс,IV. Продажи и итоги,Планы и новый год,Подборка или приглашение,Что нового будет в блоге и в работе,Карусель,,,
365,53,Пн,IV. Продажи и итоги,Первый день нового круга,Личное,Один пост без плана: что для вас изменилось за год ведения блога,Пост с фото,,,
