Код,SOP,Раздел,Ответственный,Когда запускается,Файл
S-01,Обработка входящей заявки,Продажи,Менеджер по продажам,"Пришла заявка с сайта, из мессенджера или по рекомендации.",01-sales.md
S-02,Discovery-звонок,Продажи,Менеджер по продажам или основатель,Назначен первый звонок.,01-sales.md
S-03,Подготовка предложения,Продажи,"Менеджер по продажам, проверяет руководитель проектов",Клиент прошёл квалификацию и ждёт предложение.,01-sales.md
S-04,Сопровождение предложения до решения,Продажи,Менеджер по продажам,Предложение отправлено.,01-sales.md
O-01,Договор и первая оплата,Старт работы с клиентом,Менеджер по продажам,Клиент согласовал предложение.,02-onboarding.md
O-02,Сбор доступов,Старт работы с клиентом,Руководитель проекта,Проект создан.,02-onboarding.md
O-03,Стартовая встреча,Старт работы с клиентом,Руководитель проекта,Доступы получены.,02-onboarding.md
O-04,Карта процесса и техническое задание,Старт работы с клиентом,Инженер по автоматизации,Проведена стартовая встреча.,02-onboarding.md
D-01,Сборка сценария,Сборка и запуск,Инженер по автоматизации,Техническое задание согласовано.,03-delivery.md
D-02,Промпты и проверка качества,Сборка и запуск,Инженер по автоматизации,Собран каркас сценария.,03-delivery.md
D-03,Тестирование перед запуском,Сборка и запуск,"Инженер, приёмка — руководитель проекта",Сценарий собран.,03-delivery.md
D-04,Запуск,Сборка и запуск,Руководитель проекта,Тест принят.,03-delivery.md
D-05,Передача и обучение,Сборка и запуск,Руководитель проекта,Сценарий работает.,03-delivery.md
P-01,Ежедневный мониторинг,Поддержка,Дежурный инженер,Каждый рабочий день.,04-support.md
P-02,Реакция на инцидент,Поддержка,Дежурный инженер,Сценарий остановился или делает неверные действия.,04-support.md
P-03,Запрос на изменение,Поддержка,Руководитель проекта,Клиент просит что-то добавить или поменять.,04-support.md
P-04,Ежемесячный отчёт,Поддержка,Руководитель проекта,Первый рабочий день месяца.,04-support.md
A-01,Еженедельный статус клиенту,Операционная работа агентства,Руководитель проекта,Каждую неделю в согласованный день.,05-operations.md
A-02,Учёт времени и рентабельность проекта,Операционная работа агентства,"Все, сводит руководитель",Ежедневно и при закрытии проекта.,05-operations.md
A-03,Кейс после проекта,Операционная работа агентства,Маркетолог или основатель,Через 30 дней после запуска.,05-operations.md
A-04,Окончание работы с клиентом,Операционная работа агентства,Руководитель проекта,Договор завершён или расторгнут.,05-operations.md
